{"cameraMode":{"drawMode":0,"name":"Shaded","section":"Shading Mode"},"sceneLighting":true,"audioPlay":false,"sceneViewState":{"showFog":true,"showMaterialUpdate":true,"showSkybox":true,"showFlares":true,"showImageEffects":true,"showParticleSystems":true},"in2DMode":false,"pivot":{"x":25.897571563720704,"y":1.9264774322509766,"z":20.0338077545166},"rotation":{"x":-0.21194998919963838,"y":0.42068344354629519,"z":-0.10171591490507126,"w":-0.876242995262146},"size":13.001328468322754,"orthographic":false}