{"cameraMode":{"drawMode":0,"name":"Shaded","section":"Shading Mode"},"sceneLighting":false,"audioPlay":false,"sceneViewState":{"showFog":true,"showMaterialUpdate":true,"showSkybox":false,"showFlares":true,"showImageEffects":true,"showParticleSystems":true},"in2DMode":false,"pivot":{"x":4.645945072174072,"y":-1.471797227859497,"z":2.049988031387329},"rotation":{"x":-0.1988362818956375,"y":-0.4935000240802765,"z":0.11702125519514084,"w":-0.8386076092720032},"size":9.709623336791993,"orthographic":false}