{"cameraMode":{"drawMode":0,"name":"Shaded","section":"Shading Mode"},"sceneLighting":false,"audioPlay":false,"sceneViewState":{"showFog":true,"showMaterialUpdate":true,"showSkybox":false,"showFlares":true,"showImageEffects":true,"showParticleSystems":true},"in2DMode":false,"pivot":{"x":0.7225995063781738,"y":0.5899999141693115,"z":0.7225995659828186},"rotation":{"x":-0.24677230417728425,"y":-0.41013991832733157,"z":0.11631869524717331,"w":-0.8702857494354248},"size":3.1875553131103517,"orthographic":false}